classification,days,trades,total_notional,total_closedPnL,avg_closedPnL,win_rate,total_fee
Unknown,1,211224,1191187442.46,10296958.943436,48.74900079269401,0.4112648183918494,245857.7205657308
